ingredient,unit
Bourbon whiskey,oz
Gingerbread liqueur,oz
Cherry-flavored brandy,oz
Angostura bitters,oz
Italian preserved cherry,oz
Lemon juice,oz
White creme de cacao,oz
Lillet rouge,oz
Applejack,oz
Grapefruit juice,oz
Absinthe,oz
Old mr. boston anisette,oz
Orange bitters,oz
Anis,oz
Sugar,oz
Simple syrup,oz
Irish whiskey,oz
Amaro nonino,oz
Rye whiskey,oz
Demerara syrup,oz
Mole bitters,oz
Light rum,oz
Lime juice,oz
Triple sec,oz
Egg white,units
Forbidden fruit,oz
Gin,oz
Brandy,oz
Straight rye whiskey,oz
Maraschino liqueur,oz
Pear-flavored vodka,oz
Cinnamon schnapps,oz
Dry vermouth,oz
Thin pear slice,units
Blended scotch whiskey,oz
Sweet vermouth,oz
Apricot flavored brandy,oz
Ginger syrup,oz
Cold brewed black tea,oz
Preferably japanese,oz
Blanco tequila,oz
Orange juice,oz
Pineapple juice,oz
Lemon-lime soda,oz
Creme de cacao (white),oz
Light cream,oz
Dry gin,oz
Green creme de menthe,oz
Lemon-flavored vodka,oz
Blackberry-flavored brandy,oz
Kummel,oz
17-year-old j. wray,oz
Nephew ltd. rum,oz
Coffee-flavored liqueur,oz
Cucumber,oz
Fresh cilantro sprigs,oz
Jalapeno hot pepper sauce,oz
Amaretto,oz
Half-and-half,oz
Soda water,oz
Orange half-wheel,units
White creme de menthe,oz
Chilled champagne,oz
Brown sugar cube,oz
Such as demerara,oz
Orange wheel,units
Tennessee whiskey,oz
Chilled american sparkling wine,units
Amaro,oz
Creme de cassis,oz
Apple brandy,oz
Dubonnet,oz
Powdered sugar,oz
Apple schnapps,oz
Apple slice,units
Old mr. boston rum,oz
Apple flavored brandy,oz
Grenadine,oz
Lime,units
Egg,units
Apricot-flavored brandy,oz
Anisette,oz
Juice of orange,oz
Cranberry juice,oz
Vodka,oz
White curacao,oz
Benedictine,oz
Strega,oz
Hot red pepper sauce,oz
Bacardi rum,oz
Ginger beer,oz
Mint sprigs,units
Old mr. boston five star brandy,oz
Old mr. boston dry gin,oz
Old mr. boston creme de cacao,oz
Desmond & duff scotch whisky,oz
Sweet cream,oz
Galliano,oz
Whipped cream,units
Scotch,oz
Basil leaves,units
White grapes,oz
Each simple syrup,oz
Ginger ale,oz
Chilled beer,units
Ale,units
Strawberries,units
Cynar,oz
Old mr. boston apricot flavored brandy,oz
Port,oz
Old mr. boston triple sec,oz
Lime wedges,units
Superfine sugar,oz
Citrus-flavored vodka,oz
Pomegranate juice,oz
Lemon twist,units
Fresh pomegranate seeds,oz
Swedish punch,oz
Maraschino cherry,units
Green chartreuse,oz
Milk,oz
Club soda,units
Black cherry-flavored vodka,oz
White chocolate liqueur,oz
Black cherry juice,oz
Sloe gin,oz
Old thompson blended whiskey,oz
Old mr. boston sloe gin,oz
Coffee liqueur,oz
Chilled stout,oz
Green olive,oz
Juice of a blood orange,oz
Tomato juice,oz
Cold beef bouillon,oz
Celery salt,oz
Lemon wheels,units
Worcestershire sauce,oz
Ground black pepper,oz
Celery stalk,units
Smoky scotch whisky,oz
Such as laphroaig,oz
V8 cocktail juice,oz
Ketchup,oz
Bitters,oz
Blue curacao,oz
Maraschino,oz
Coarse salt,oz
Lillet blanc,oz
Creme de banana,oz
Mr. boston five star brandy,oz
Mr. boston rum,oz
Mr. boston triple sec,oz
Blended whiskey,oz
Dark creme de cacao,oz
Vanilla liqueur,oz
Elderflower liqueur,oz
Bourbon,oz
Almond extract,oz
Orgeat syrup,oz
Lemon wedges,units
Long,units
Wide spiral of orange zest,units
Creme de cacao (brown),oz
Heavy cream,oz
Anejo tequila,oz
Agave nectar,oz
Grapefruit twist,units
Orange,units
Rye,oz
Amer picon,oz
Torani amer,oz
Cognac,oz
Sweet sherry,oz
Preferably pedro ximenez,oz
Egg yolk,units
Champagne,oz
Cold water,oz
Orange curacao,oz
Salt,oz
Hard cider,oz
Freshly grated nutmeg,units
Ground cinnamon,units
Lemonade,oz
Lime wheels,units
Honey liqueur,oz
Apple cider,oz
Creme de menthe (white),oz
Red wine,oz
Each triple sec,oz
Dry sherry,oz
Tomato-clam juice,oz
Prepared horseradish,oz
Each worcestershire sauce,oz
Hot black coffee,oz
Amaretto di saronno,oz
Passion fruit syrup,oz
Calvados,oz
Oloroso sherry,oz
Drambuie,oz
Rhubarb bitters,oz
Canadian whisky,oz
Pineapple wedge,units
Coffee-flavored brandy,oz
Coconut-flavored rum,oz
Peychaud's bitters,oz
Peach schnapps,oz
Campari,oz
Yellow chartreuse,oz
Tawny port,oz
Reposado tequila,oz
Orange blossoms,units
Ramazzotti amaro,oz
Scotch whiskey,oz
Coconut liqueur,oz
Grapefruit bitters,oz
Dark rum,oz
Blackberry liqueur,oz
B & b,oz
Old mr. boston wild cherry flavored brandy,oz
Cherry vodka,oz
Cola,oz
Danish cherry wine,oz
Grated nutmet,oz
Fresh grapefruit juice,oz
Clam juice,oz
Curacao,oz
Muscatel wine,oz
Cold brewed coffee,oz
Raspberry yogurt,oz
Raspberry ice cream,oz
Hulled,oz
Sour mix,oz
Vanilla-infused bourbon,oz
Honey-currant syrup,oz
Stick of cotton candy,units
Grapefruit soda,oz
Rosemary sprig,units
Cream sherry,oz
Madeira,oz
Old kentucky tavern bourbon whiskey,oz
Melon liqueur,oz
Lime soda,units
Mint leaves,units
Armagnac,oz
Grand marnier,oz
Orange zest,units
Pastis,oz
Dubonnet rouge,oz
Mezcal,oz
Aperol,oz
Flamed,units
Mr. boston gin,oz
Olive brine,oz
Balsamic vinegar,oz
Preferably spanish,oz
Cherry liqueur,oz
White,oz
Smoky scotch,oz
Almond milk,oz
Jamaica rum,oz
Single-malt scotch whisky,oz
Cherry heering,oz
Punt e mes,oz
Orgeat,oz
Almond syrup,oz
Maple syrup,oz
Whole milk,oz
Whipped,oz
Powdered nutmeg,units
Allspice liqueur (pimento dram),oz
Palo cortado,oz
Rose water,oz
The bitter truth's jerry thomas' own decanter bitters,oz
Dehydrated orange wheel,units
Pisco,oz
Aromatic bitters,oz
Old mr. boston white creme de menthe,oz
Splash triple sec,oz
Orange-flavored vodka,oz
Lime twist,units
Orange blossom water,oz
Old mr. boston green creme de menthe,oz
Old mr. boston white creme de cacao,oz
Old mr. boston vodka,oz
Sugar syrup,oz
Almond,oz
Gin & ginger ale,oz
Fernet-branca,oz
Black raspberry liqueur,oz
Lemon,units
Sambuca,oz
Black licorice stick,units
Creme de noyaux,oz
Pineapple chunk,units
Creme de menthe,oz
Peach-flavored brandy,oz
Peach slices,units
Skinned,oz
Peach bitters,oz
Pear brandy,oz
Rose's lime juice,oz
Ginger liqueur,oz
White rum,oz
Wine,oz
Claret,oz
Burgundy,oz
Dried orange peel,oz
Cinnamon sticks,oz
Cloves,units
Raspberry syrup,oz
Kirschwasser,oz
Mr. boston vodka,oz
Golden delicious apple wedge,units
Orange zest spiral,units
Honey syrup,oz
Raspberry-flavored liqueur,oz
Grape juice,oz
Honey,oz
Old mr. boston kummel,oz
Lime vodka,oz
100-proof vodka,oz
Rock,oz
Old mr. boston 100 proof vodka,oz
Old mr. boston rock,oz
Fresh grenadine,oz
Strawberry liqueur,oz
Chilled sparkling wine,oz
Pedro ximenez sherry,oz
Apple juice,oz
Creme fraiche,oz
Tiki bitters,oz
Such as bittermen's elemakule,oz
Hennessy v.s cognac,oz
Pimm's no. 1 cup,oz
Georgia moon corn whiskey,oz
Mountain dew,units
White whiskey,oz
Lavender syrup,oz
Vermouth,oz
Wide spiral of lemon zest,oz
Peppermint schnapps,oz
Tequila,oz
Hot shot tropical fruit liqueur,oz
Fresh rosemary sprig,oz
Each dark rum,oz
Creme de violette,oz
Vanilla ice cream,oz
Banana,oz
Pomegranate molasses,oz
Raspberries,units
Cinnamon stick,units
Maple syrup (grade b,oz
Medium-amber),oz
Pink sanding sugar,units
Each citrus-flavored vodka,oz
Apricot nectar,oz
Simple syrup scant,oz
Orange sherbet,oz
Falernum,oz
Blood orange liqueur,oz
Becherovka (czech digestif),oz
Each cranberry juice,oz
Mr. boston apricot flavored brandy,oz
Sake,oz
Pineapple slices,units
Coconut rum,oz
Mango nectar,oz
Cream of coconut,oz
Light vermouth,oz
Gold tequila,oz
Manzanilla sherry,oz
Pear liqueur,oz
Spiced rum,oz
Orange flavored gin,oz
Aquavit,oz
Old tom gin,oz
Celery stick,units
Crema di limoncello,oz
Aged rhum agricole,oz
Acai berry flavored vodka,oz
Sparkling wine,oz
Each lillet blanc,oz
Collins mix,units
Limoncello,oz
Grapefruit marmalade,oz
Orange peel,units
Lump sugar,units
Bitters dashes,units
151-proof rum,oz
Raspberry juice,oz
Fresh ginger,oz
Vs cognac,oz
Lychee liqueur,oz
Rock candy syrup,oz
Mandarine napoleon liqueur,oz
Root beer,oz
Passion fruit juice,oz
Cointreau,oz
Old mr. boston tequila,oz
Cointreau triple sec,oz
Pomegranate molasses (available at middle eastern grocers),oz
Mint-flavored gin,oz
White port wine,oz
Vanilla-flavored vodka,oz
Butterscotch schnapps,oz
Irish cream liqueur,oz
Cold brewed espresso coffee,oz
Crushed ice,oz
Warm milk,units
Peach puree,oz
Flamed lemon twist,units
Old mr. boston orange flavored gin,oz
Creme yvette,oz
Orange marmalade,oz
Grapefruit-flavored soda,units
Fresh white,oz
Ruby red grapefruit juice,oz
Chilled passion fruit juice,oz
Peach,oz
Peach-flavored vodka,oz
Iced tea,oz
Cachaca,oz
Sweet pickle brine,oz
Sweet pickle slice,units
Dill pickle brine,oz
Cider,units
Old mr. boston imported rum,oz
Rum-soaked black cherry,units
Pineapple,units
Mr. boston creme de noyaux,oz
Carbonated water,oz
Shaved ice,units
Pepper,oz
Tomato catsup,oz
Vinegar,oz
Concord grape juice,oz
Old mr. boston grape vodka,oz
Lemon slice,units
Creme de peche,oz
Guava puree,oz
Chilled moscato d'asti,oz
Sweet sparkling wine,oz
Red grapes,oz
Sugar cube,oz
African rum,oz
Bitter lemon soda,units
Clementine,oz
Mandarin orange,oz
Grapefruit-flavored vodka,oz
Whole cloves,units
Fresh ruby red grapefruit juice,oz
Fresh seasonal fruit,units
Light,oz
Creole shrubb (rum-based orange liqueur),oz
Ruby port,oz
Edible flower,units
Such as nasturtium,units
Orange liqueur,oz
Canned coconut milk,oz
Cold brewed chai tea,oz
Batavia arrack,oz
Coconut milk,oz
Crushed pineapple,oz
Roses lime juice,oz
Old mr. boston blended whiskey,oz
Honeydew melon wedge,units
Vanilla syrup,oz
Preferably b.a. reynold's,oz
Such as islay,oz
Skye,oz
Amontillado sherry,oz
Jalapeno-infused tequila,oz
Chilled rhine wine,oz
Sauterne,oz
Jamaican ginger beer,oz
Green apple slice,units
Strawberry schnapps,oz
Tonic,units
7-up,oz
Tanqueray gin,oz
Margarita mix,oz
Hot tea,oz
Minced ginger,oz
Blueberries,oz
Bing cherries,oz
Bing cherry,units
Tonic water,units
Rhubarb syrup,oz
Cold brewed green tea,oz
Edible flowers,units
Raspberry-flavored vodka,oz
Fresh blackberries,units
Straight rye whisky,oz
Skewered raspberry,units
Bison grass vodka (zubrowka),oz
Fresh carrot juice,oz
Chile syrup,oz
Grated bittersweet chocolate,units
Whiskey barrel bitters,oz
Chopped fresh mint,oz
Chocolate bitters,oz
Pomegranate syrup,oz
Peeled,oz
Mango juice,oz
Mango slice,units
Fresh sage leaves,oz
Fresh cherry tomatoes,oz
Cayenne pepper,oz
Mint syrup,oz
Thyme sprig,oz
Long thyme sprigs,oz
Fresh cilantro leaves,oz
Tropical fruit schnapps,oz
Cinnamon sugar,units
Sweet chili powder,units
Mango-flavored vodka,oz
Peach liqueur,oz
Reposado blanco tequila,oz
Fresh celery juice,oz
Creme de cacao,oz
Unsweetened grape juice,oz
Ripe pear,oz
Lump of sugar,units
Boiling water,units
Lemon peel,units
Peychaud bitters,oz
Each vodka,oz
Tequila blanco,oz
Unsprayed rose petal,oz
Mr. boston creme de menthe,oz
Gold rum,oz
Tiki (such as bittermen's 'elemakule),oz
Blueberry,units
